artist	album	s3_url
#안녕	"오래된_노래_허각,_임한별,_이무진,_이진성_(먼데이_키즈),_김희재,_#안녕"	"https://ai-vocal-training.s3.ap-northeast-2.amazonaws.com/album_covers/#안녕-오래된_노래_허각,_임한별,_이무진,_이진성_(먼데이_키즈),_김희재,_#안녕.jpg"
#안녕	해요_(2022)_#안녕	https://ai-vocal-training.s3.ap-northeast-2.amazonaws.com/album_covers/#안녕-해요_(2022)_#안녕.jpg
(BIBI)	밤양갱_비비_(BIBI)	https://ai-vocal-training.s3.ap-northeast-2.amazonaws.com/album_covers/(BIBI)-밤양갱_비비_(BIBI).jpg
(ECLIPSE)	Run_Run_이클립스_(ECLIPSE)	https://ai-vocal-training.s3.ap-northeast-2.amazonaws.com/album_covers/(ECLIPSE)-Run_Run_이클립스_(ECLIPSE).jpg
(ECLIPSE)	소나기_이클립스_(ECLIPSE)	https://ai-vocal-training.s3.ap-northeast-2.amazonaws.com/album_covers/(ECLIPSE)-소나기_이클립스_(ECLIPSE).jpg
(GroovyRoom)	"Yes_or_No_(Feat._허윤진_of_LE_SSERAFIM,_Crush)_그루비룸_(GroovyRoom)"	"https://ai-vocal-training.s3.ap-northeast-2.amazonaws.com/album_covers/(GroovyRoom)-Yes_or_No_(Feat._허윤진_of_LE_SSERAFIM,_Crush)_그루비룸_(GroovyRoom).jpg"
(HWASA)	I_Love_My_Body_화사_(HWASA)	https://ai-vocal-training.s3.ap-northeast-2.amazonaws.com/album_covers/(HWASA)-I_Love_My_Body_화사_(HWASA).jpg
(JAESSBEE)	너와의_모든_지금_재쓰비_(JAESSBEE)	https://ai-vocal-training.s3.ap-northeast-2.amazonaws.com/album_covers/(JAESSBEE)-너와의_모든_지금_재쓰비_(JAESSBEE).jpg
(JENNIE)	Mantra_제니_(JENNIE)	https://ai-vocal-training.s3.ap-northeast-2.amazonaws.com/album_covers/(JENNIE)-Mantra_제니_(JENNIE).jpg
(JENNIE)	You_&_Me_제니_(JENNIE)	https://ai-vocal-training.s3.ap-northeast-2.amazonaws.com/album_covers/(JENNIE)-You_&_Me_제니_(JENNIE).jpg
(JENNIE)	like_JENNIE_제니_(JENNIE)	https://ai-vocal-training.s3.ap-northeast-2.amazonaws.com/album_covers/(JENNIE)-like_JENNIE_제니_(JENNIE).jpg
(JISOO)	earthquake_지수_(JISOO)	https://ai-vocal-training.s3.ap-northeast-2.amazonaws.com/album_covers/(JISOO)-earthquake_지수_(JISOO).jpg
(MAKTUB)	시작의_아이_마크툽_(MAKTUB)	https://ai-vocal-training.s3.ap-northeast-2.amazonaws.com/album_covers/(MAKTUB)-시작의_아이_마크툽_(MAKTUB).jpg
(MARK)	1999_마크_(MARK)	https://ai-vocal-training.s3.ap-northeast-2.amazonaws.com/album_covers/(MARK)-1999_마크_(MARK).jpg
(MINNIE)	꿈결같아서_민니_(MINNIE)	https://ai-vocal-training.s3.ap-northeast-2.amazonaws.com/album_covers/(MINNIE)-꿈결같아서_민니_(MINNIE).jpg
(N.Flying)	네가_내_마음에_자리_잡았다_(Into_You)_엔플라잉_(N.Flying)	https://ai-vocal-training.s3.ap-northeast-2.amazonaws.com/album_covers/(N.Flying)-네가_내_마음에_자리_잡았다_(Into_You)_엔플라잉_(N.Flying).jpg
(N.Flying)	만년설_(Everlasting)_엔플라잉_(N.Flying)	https://ai-vocal-training.s3.ap-northeast-2.amazonaws.com/album_covers/(N.Flying)-만년설_(Everlasting)_엔플라잉_(N.Flying).jpg
(NEON)	Storm_김보경_(NEON)	https://ai-vocal-training.s3.ap-northeast-2.amazonaws.com/album_covers/(NEON)-Storm_김보경_(NEON).jpg
(ROS?)	number_one_girl_로제_(ROS?)	https://ai-vocal-training.s3.ap-northeast-2.amazonaws.com/album_covers/(ROS?)-number_one_girl_로제_(ROS?).jpg
(ROS?)	toxic_till_the_end_로제_(ROS?)	https://ai-vocal-training.s3.ap-northeast-2.amazonaws.com/album_covers/(ROS?)-toxic_till_the_end_로제_(ROS?).jpg
(SEVENTEEN)	"LOVE,_MONEY,_FAME_(feat._DJ_Khaled)_세븐틴_(SEVENTEEN)"	"https://ai-vocal-training.s3.ap-northeast-2.amazonaws.com/album_covers/(SEVENTEEN)-LOVE,_MONEY,_FAME_(feat._DJ_Khaled)_세븐틴_(SEVENTEEN).jpg"
(SEVENTEEN)	THUNDER_세븐틴_(SEVENTEEN)	https://ai-vocal-training.s3.ap-northeast-2.amazonaws.com/album_covers/(SEVENTEEN)-THUNDER_세븐틴_(SEVENTEEN).jpg
(SEVENTEEN)	손오공_세븐틴_(SEVENTEEN)	https://ai-vocal-training.s3.ap-northeast-2.amazonaws.com/album_covers/(SEVENTEEN)-손오공_세븐틴_(SEVENTEEN).jpg
(SEVENTEEN)	음악의_신_세븐틴_(SEVENTEEN)	https://ai-vocal-training.s3.ap-northeast-2.amazonaws.com/album_covers/(SEVENTEEN)-음악의_신_세븐틴_(SEVENTEEN).jpg
(SEVENTEEN)	청바지_부석순_(SEVENTEEN)	https://ai-vocal-training.s3.ap-northeast-2.amazonaws.com/album_covers/(SEVENTEEN)-청바지_부석순_(SEVENTEEN).jpg
(SEVENTEEN)	청춘찬가_세븐틴_(SEVENTEEN)	https://ai-vocal-training.s3.ap-northeast-2.amazonaws.com/album_covers/(SEVENTEEN)-청춘찬가_세븐틴_(SEVENTEEN).jpg
(SEVENTEEN)	파이팅_해야지_(Feat._이영지)_부석순_(SEVENTEEN)	https://ai-vocal-training.s3.ap-northeast-2.amazonaws.com/album_covers/(SEVENTEEN)-파이팅_해야지_(Feat._이영지)_부석순_(SEVENTEEN).jpg
(TAEYEON)	Letter_To_Myself_태연_(TAEYEON)	https://ai-vocal-training.s3.ap-northeast-2.amazonaws.com/album_covers/(TAEYEON)-Letter_To_Myself_태연_(TAEYEON).jpg
(TAEYEON)	To._X_태연_(TAEYEON)	https://ai-vocal-training.s3.ap-northeast-2.amazonaws.com/album_covers/(TAEYEON)-To._X_태연_(TAEYEON).jpg
(TAEYEON)	꿈_태연_(TAEYEON)	https://ai-vocal-training.s3.ap-northeast-2.amazonaws.com/album_covers/(TAEYEON)-꿈_태연_(TAEYEON).jpg
(Woody)	사막에서_꽃을_피우듯_우디_(Woody)	https://ai-vocal-training.s3.ap-northeast-2.amazonaws.com/album_covers/(Woody)-사막에서_꽃을_피우듯_우디_(Woody).jpg
(Woody)	어제보다_슬픈_오늘_우디_(Woody)	https://ai-vocal-training.s3.ap-northeast-2.amazonaws.com/album_covers/(Woody)-어제보다_슬픈_오늘_우디_(Woody).jpg
(Woody)	혹시_세상에_혼자_남겨진_것_같다면_우디_(Woody)	https://ai-vocal-training.s3.ap-northeast-2.amazonaws.com/album_covers/(Woody)-혹시_세상에_혼자_남겨진_것_같다면_우디_(Woody).jpg
(YOUNHA)	사건의_지평선_윤하_(YOUNHA)	https://ai-vocal-training.s3.ap-northeast-2.amazonaws.com/album_covers/(YOUNHA)-사건의_지평선_윤하_(YOUNHA).jpg
(YUJU)	"우연히_봄_로꼬,_유주_(YUJU)"	"https://ai-vocal-training.s3.ap-northeast-2.amazonaws.com/album_covers/(YUJU)-우연히_봄_로꼬,_유주_(YUJU).jpg"
(ZICO)	SPOT!_(feat._JENNIE)_지코_(ZICO)	https://ai-vocal-training.s3.ap-northeast-2.amazonaws.com/album_covers/(ZICO)-SPOT!_(feat._JENNIE)_지코_(ZICO).jpg
(데이식스)	Congratulations_DAY6_(데이식스)	https://ai-vocal-training.s3.ap-northeast-2.amazonaws.com/album_covers/(데이식스)-Congratulations_DAY6_(데이식스).jpg
(데이식스)	HAPPY_DAY6_(데이식스)	https://ai-vocal-training.s3.ap-northeast-2.amazonaws.com/album_covers/(데이식스)-HAPPY_DAY6_(데이식스).jpg
(데이식스)	Maybe_Tomorrow_DAY6_(데이식스)	https://ai-vocal-training.s3.ap-northeast-2.amazonaws.com/album_covers/(데이식스)-Maybe_Tomorrow_DAY6_(데이식스).jpg
(데이식스)	Welcome_to_the_Show_DAY6_(데이식스)	https://ai-vocal-training.s3.ap-northeast-2.amazonaws.com/album_covers/(데이식스)-Welcome_to_the_Show_DAY6_(데이식스).jpg
(데이식스)	괴물_DAY6_(데이식스)	https://ai-vocal-training.s3.ap-northeast-2.amazonaws.com/album_covers/(데이식스)-괴물_DAY6_(데이식스).jpg
(데이식스)	그녀가_웃었다_DAY6_(데이식스)	https://ai-vocal-training.s3.ap-northeast-2.amazonaws.com/album_covers/(데이식스)-그녀가_웃었다_DAY6_(데이식스).jpg
(데이식스)	녹아내려요_DAY6_(데이식스)	https://ai-vocal-training.s3.ap-northeast-2.amazonaws.com/album_covers/(데이식스)-녹아내려요_DAY6_(데이식스).jpg
(데이식스)	예뻤어_DAY6_(데이식스)	https://ai-vocal-training.s3.ap-northeast-2.amazonaws.com/album_covers/(데이식스)-예뻤어_DAY6_(데이식스).jpg
(데이식스)	한_페이지가_될_수_있게_DAY6_(데이식스)	https://ai-vocal-training.s3.ap-northeast-2.amazonaws.com/album_covers/(데이식스)-한_페이지가_될_수_있게_DAY6_(데이식스).jpg
(레드벨벳)	Chill_Kill_Red_Velvet_(레드벨벳)	https://ai-vocal-training.s3.ap-northeast-2.amazonaws.com/album_covers/(레드벨벳)-Chill_Kill_Red_Velvet_(레드벨벳).jpg
(레드벨벳)	Cosmic_Red_Velvet_(레드벨벳)	https://ai-vocal-training.s3.ap-northeast-2.amazonaws.com/album_covers/(레드벨벳)-Cosmic_Red_Velvet_(레드벨벳).jpg
(르세라핌)	CRAZY_LE_SSERAFIM_(르세라핌)	https://ai-vocal-training.s3.ap-northeast-2.amazonaws.com/album_covers/(르세라핌)-CRAZY_LE_SSERAFIM_(르세라핌).jpg
(르세라핌)	EASY_LE_SSERAFIM_(르세라핌)	https://ai-vocal-training.s3.ap-northeast-2.amazonaws.com/album_covers/(르세라핌)-EASY_LE_SSERAFIM_(르세라핌).jpg
(르세라핌)	HOT_LE_SSERAFIM_(르세라핌)	https://ai-vocal-training.s3.ap-northeast-2.amazonaws.com/album_covers/(르세라핌)-HOT_LE_SSERAFIM_(르세라핌).jpg
(르세라핌)	Perfect_Night_LE_SSERAFIM_(르세라핌)	https://ai-vocal-training.s3.ap-northeast-2.amazonaws.com/album_covers/(르세라핌)-Perfect_Night_LE_SSERAFIM_(르세라핌).jpg
(르세라핌)	Smart_LE_SSERAFIM_(르세라핌)	https://ai-vocal-training.s3.ap-northeast-2.amazonaws.com/album_covers/(르세라핌)-Smart_LE_SSERAFIM_(르세라핌).jpg
(르세라핌)	UNFORGIVEN_(feat._Nile_Rodgers)_LE_SSERAFIM_(르세라핌)	https://ai-vocal-training.s3.ap-northeast-2.amazonaws.com/album_covers/(르세라핌)-UNFORGIVEN_(feat._Nile_Rodgers)_LE_SSERAFIM_(르세라핌).jpg
(르세라핌)	"이브,_프시케_그리고_푸른_수염의_아내_LE_SSERAFIM_(르세라핌)"	"https://ai-vocal-training.s3.ap-northeast-2.amazonaws.com/album_covers/(르세라핌)-이브,_프시케_그리고_푸른_수염의_아내_LE_SSERAFIM_(르세라핌).jpg"
(리센느)	LOVE_ATTACK_RESCENE_(리센느)	https://ai-vocal-training.s3.ap-northeast-2.amazonaws.com/album_covers/(리센느)-LOVE_ATTACK_RESCENE_(리센느).jpg
(미야오)	HANDS_UP_MEOVV_(미야오)	https://ai-vocal-training.s3.ap-northeast-2.amazonaws.com/album_covers/(미야오)-HANDS_UP_MEOVV_(미야오).jpg
(미야오)	MEOW_MEOVV_(미야오)	https://ai-vocal-training.s3.ap-northeast-2.amazonaws.com/album_covers/(미야오)-MEOW_MEOVV_(미야오).jpg
(비비지)	MANIAC_VIVIZ_(비비지)	https://ai-vocal-training.s3.ap-northeast-2.amazonaws.com/album_covers/(비비지)-MANIAC_VIVIZ_(비비지).jpg
(빅뱅)	봄여름가을겨울_(Still_Life)_BIGBANG_(빅뱅)	https://ai-vocal-training.s3.ap-northeast-2.amazonaws.com/album_covers/(빅뱅)-봄여름가을겨울_(Still_Life)_BIGBANG_(빅뱅).jpg
(빅스)	"크리스마스니까_성시경,_박효신,_이석훈,_서인국,_VIXX_(빅스)"	"https://ai-vocal-training.s3.ap-northeast-2.amazonaws.com/album_covers/(빅스)-크리스마스니까_성시경,_박효신,_이석훈,_서인국,_VIXX_(빅스).jpg"
(아이들)	Super_Lady_i-dle_(아이들)	https://ai-vocal-training.s3.ap-northeast-2.amazonaws.com/album_covers/(아이들)-Super_Lady_i-dle_(아이들).jpg
(아이들)	Wife_i-dle_(아이들)	https://ai-vocal-training.s3.ap-northeast-2.amazonaws.com/album_covers/(아이들)-Wife_i-dle_(아이들).jpg
(아이들)	나는_아픈_건_딱_질색이니까_i-dle_(아이들)	https://ai-vocal-training.s3.ap-northeast-2.amazonaws.com/album_covers/(아이들)-나는_아픈_건_딱_질색이니까_i-dle_(아이들).jpg
(아이들)	퀸카_(Queencard)_i-dle_(아이들)	https://ai-vocal-training.s3.ap-northeast-2.amazonaws.com/album_covers/(아이들)-퀸카_(Queencard)_i-dle_(아이들).jpg
(아이들)	클락션_(Klaxon)_i-dle_(아이들)	https://ai-vocal-training.s3.ap-northeast-2.amazonaws.com/album_covers/(아이들)-클락션_(Klaxon)_i-dle_(아이들).jpg
(아이브)	ATTITUDE_IVE_(아이브)	https://ai-vocal-training.s3.ap-northeast-2.amazonaws.com/album_covers/(아이브)-ATTITUDE_IVE_(아이브).jpg
(아이브)	Accendio_IVE_(아이브)	https://ai-vocal-training.s3.ap-northeast-2.amazonaws.com/album_covers/(아이브)-Accendio_IVE_(아이브).jpg
(아이브)	After_LIKE_IVE_(아이브)	https://ai-vocal-training.s3.ap-northeast-2.amazonaws.com/album_covers/(아이브)-After_LIKE_IVE_(아이브).jpg
(아이브)	Baddie_IVE_(아이브)	https://ai-vocal-training.s3.ap-northeast-2.amazonaws.com/album_covers/(아이브)-Baddie_IVE_(아이브).jpg
(아이브)	Either_Way_IVE_(아이브)	https://ai-vocal-training.s3.ap-northeast-2.amazonaws.com/album_covers/(아이브)-Either_Way_IVE_(아이브).jpg
(아이브)	I_AM_IVE_(아이브)	https://ai-vocal-training.s3.ap-northeast-2.amazonaws.com/album_covers/(아이브)-I_AM_IVE_(아이브).jpg
(아이브)	Kitsch_IVE_(아이브)	https://ai-vocal-training.s3.ap-northeast-2.amazonaws.com/album_covers/(아이브)-Kitsch_IVE_(아이브).jpg
(아이브)	LOVE_DIVE_IVE_(아이브)	https://ai-vocal-training.s3.ap-northeast-2.amazonaws.com/album_covers/(아이브)-LOVE_DIVE_IVE_(아이브).jpg
(아이브)	Off_The_Record_IVE_(아이브)	https://ai-vocal-training.s3.ap-northeast-2.amazonaws.com/album_covers/(아이브)-Off_The_Record_IVE_(아이브).jpg
(아이브)	REBEL_HEART_IVE_(아이브)	https://ai-vocal-training.s3.ap-northeast-2.amazonaws.com/album_covers/(아이브)-REBEL_HEART_IVE_(아이브).jpg
(아이브)	해야_(HEYA)_IVE_(아이브)	https://ai-vocal-training.s3.ap-northeast-2.amazonaws.com/album_covers/(아이브)-해야_(HEYA)_IVE_(아이브).jpg
(악뮤)	Love_Lee_AKMU_(악뮤)	https://ai-vocal-training.s3.ap-northeast-2.amazonaws.com/album_covers/(악뮤)-Love_Lee_AKMU_(악뮤).jpg
(악뮤)	"어떻게_이별까지_사랑하겠어,_널_사랑하는_거지_AKMU_(악뮤)"	"https://ai-vocal-training.s3.ap-northeast-2.amazonaws.com/album_covers/(악뮤)-어떻게_이별까지_사랑하겠어,_널_사랑하는_거지_AKMU_(악뮤).jpg"
(악뮤)	후라이의_꿈_AKMU_(악뮤)	https://ai-vocal-training.s3.ap-northeast-2.amazonaws.com/album_covers/(악뮤)-후라이의_꿈_AKMU_(악뮤).jpg
(엔플라잉)	그랬나봐_유회승_(엔플라잉)	https://ai-vocal-training.s3.ap-northeast-2.amazonaws.com/album_covers/(엔플라잉)-그랬나봐_유회승_(엔플라잉).jpg
(최예나)	네모네모_YENA_(최예나)	https://ai-vocal-training.s3.ap-northeast-2.amazonaws.com/album_covers/(최예나)-네모네모_YENA_(최예나).jpg
(키키)	I_DO_ME_KiiiKiii_(키키)	https://ai-vocal-training.s3.ap-northeast-2.amazonaws.com/album_covers/(키키)-I_DO_ME_KiiiKiii_(키키).jpg
(투어스)	내가_S면_넌_나의_N이_되어줘_TWS_(투어스)	https://ai-vocal-training.s3.ap-northeast-2.amazonaws.com/album_covers/(투어스)-내가_S면_넌_나의_N이_되어줘_TWS_(투어스).jpg
(투어스)	마음_따라_뛰는_건_멋지지_않아?_TWS_(투어스)	https://ai-vocal-training.s3.ap-northeast-2.amazonaws.com/album_covers/(투어스)-마음_따라_뛰는_건_멋지지_않아_TWS_(투어스).jpg
(트리플에스)	Girls_Never_Die_tripleS_(트리플에스)	https://ai-vocal-training.s3.ap-northeast-2.amazonaws.com/album_covers/(트리플에스)-Girls_Never_Die_tripleS_(트리플에스).jpg
(하이키)	건물_사이에_피어난_장미_(Rose_Blossom)_H1-KEY_(하이키)	https://ai-vocal-training.s3.ap-northeast-2.amazonaws.com/album_covers/(하이키)-건물_사이에_피어난_장미_(Rose_Blossom)_H1-KEY_(하이키).jpg
(하츠투하츠)	The_Chase_Hearts2Hearts_(하츠투하츠)	https://ai-vocal-training.s3.ap-northeast-2.amazonaws.com/album_covers/(하츠투하츠)-The_Chase_Hearts2Hearts_(하츠투하츠).jpg
10CM	너에게_닿기를_10CM	https://ai-vocal-training.s3.ap-northeast-2.amazonaws.com/album_covers/10CM-너에게_닿기를_10CM.jpg
10CM	봄눈_10CM	https://ai-vocal-training.s3.ap-northeast-2.amazonaws.com/album_covers/10CM-봄눈_10CM.jpg
127	삐그덕_(Walk)_NCT_127	https://ai-vocal-training.s3.ap-northeast-2.amazonaws.com/album_covers/127-삐그덕_(Walk)_NCT_127.jpg
BABYMONSTER	DRIP_BABYMONSTER	https://ai-vocal-training.s3.ap-northeast-2.amazonaws.com/album_covers/BABYMONSTER-DRIP_BABYMONSTER.jpg
BABYMONSTER	SHEESH_BABYMONSTER	https://ai-vocal-training.s3.ap-northeast-2.amazonaws.com/album_covers/BABYMONSTER-SHEESH_BABYMONSTER.jpg
BOYNEXTDOOR	123-78_BOYNEXTDOOR	https://ai-vocal-training.s3.ap-northeast-2.amazonaws.com/album_covers/BOYNEXTDOOR-123-78_BOYNEXTDOOR.jpg
BOYNEXTDOOR	I_Feel_Good_BOYNEXTDOOR	https://ai-vocal-training.s3.ap-northeast-2.amazonaws.com/album_covers/BOYNEXTDOOR-I_Feel_Good_BOYNEXTDOOR.jpg
BOYNEXTDOOR	Nice_Guy_BOYNEXTDOOR	https://ai-vocal-training.s3.ap-northeast-2.amazonaws.com/album_covers/BOYNEXTDOOR-Nice_Guy_BOYNEXTDOOR.jpg
BOYNEXTDOOR	오늘만_I_LOVE_YOU_BOYNEXTDOOR	https://ai-vocal-training.s3.ap-northeast-2.amazonaws.com/album_covers/BOYNEXTDOOR-오늘만_I_LOVE_YOU_BOYNEXTDOOR.jpg
BOYNEXTDOOR	이렇게_좋아해_본_적이_없어요_BOYNEXTDOOR	https://ai-vocal-training.s3.ap-northeast-2.amazonaws.com/album_covers/BOYNEXTDOOR-이렇게_좋아해_본_적이_없어요_BOYNEXTDOOR.jpg
Bieber	"STAY_The_Kid_LAROI,_Justin_Bieber"	"https://ai-vocal-training.s3.ap-northeast-2.amazonaws.com/album_covers/Bieber-STAY_The_Kid_LAROI,_Justin_Bieber.jpg"
Blanco	Summer_(Feat._BE’O_(비오))_Paul_Blanco	https://ai-vocal-training.s3.ap-northeast-2.amazonaws.com/album_covers/Blanco-Summer_(Feat._BE’O_(비오))_Paul_Blanco.jpg
Carey	All_I_Want_for_Christmas_Is_You_Mariah_Carey	https://ai-vocal-training.s3.ap-northeast-2.amazonaws.com/album_covers/Carey-All_I_Want_for_Christmas_Is_You_Mariah_Carey.jpg
Connection)	그대만_있다면_(여름날_우리_X_너드커넥션_(Nerd_Connection))_너드커넥션_(Nerd_Connection)	https://ai-vocal-training.s3.ap-northeast-2.amazonaws.com/album_covers/Connection)-그대만_있다면_(여름날_우리_X_너드커넥션_(Nerd_Connection))_너드커넥션_(Nerd_Connection).jpg
Crush	미안해_미워해_사랑해_Crush	https://ai-vocal-training.s3.ap-northeast-2.amazonaws.com/album_covers/Crush-미안해_미워해_사랑해_Crush.jpg
DK(디셈버)	심(心)_DK(디셈버)	https://ai-vocal-training.s3.ap-northeast-2.amazonaws.com/album_covers/DK(디셈버)-심(心)_DK(디셈버).jpg
EXO	첫_눈_EXO	https://ai-vocal-training.s3.ap-northeast-2.amazonaws.com/album_covers/EXO-첫_눈_EXO.jpg
Fike	"Love_Hangover_(feat._Dominic_Fike)_제니_(JENNIE),_Dominic_Fike"	"https://ai-vocal-training.s3.ap-northeast-2.amazonaws.com/album_covers/Fike-Love_Hangover_(feat._Dominic_Fike)_제니_(JENNIE),_Dominic_Fike.jpg"
G-DRAGON	DRAMA_G-DRAGON	https://ai-vocal-training.s3.ap-northeast-2.amazonaws.com/album_covers/G-DRAGON-DRAMA_G-DRAGON.jpg
G-DRAGON	GYRO-DROP_G-DRAGON	https://ai-vocal-training.s3.ap-northeast-2.amazonaws.com/album_covers/G-DRAGON-GYRO-DROP_G-DRAGON.jpg
G-DRAGON	"HOME_SWEET_HOME_(feat._태양,_대성)_G-DRAGON"	"https://ai-vocal-training.s3.ap-northeast-2.amazonaws.com/album_covers/G-DRAGON-HOME_SWEET_HOME_(feat._태양,_대성)_G-DRAGON.jpg"
G-DRAGON	IBELONGIIU_G-DRAGON	https://ai-vocal-training.s3.ap-northeast-2.amazonaws.com/album_covers/G-DRAGON-IBELONGIIU_G-DRAGON.jpg
G-DRAGON	PO￦ER_G-DRAGON	https://ai-vocal-training.s3.ap-northeast-2.amazonaws.com/album_covers/G-DRAGON-PO￦ER_G-DRAGON.jpg
G-DRAGON	TAKE_ME_G-DRAGON	https://ai-vocal-training.s3.ap-northeast-2.amazonaws.com/album_covers/G-DRAGON-TAKE_ME_G-DRAGON.jpg
G-DRAGON	TOO_BAD_(feat._Anderson_.Paak)_G-DRAGON	https://ai-vocal-training.s3.ap-northeast-2.amazonaws.com/album_covers/G-DRAGON-TOO_BAD_(feat._Anderson_.Paak)_G-DRAGON.jpg
G-DRAGON	"무제(無題)_(Untitled,_2014)_G-DRAGON"	"https://ai-vocal-training.s3.ap-northeast-2.amazonaws.com/album_covers/G-DRAGON-무제(無題)_(Untitled,_2014)_G-DRAGON.jpg"
G-DRAGON	보나마나_(BONAMANA)_G-DRAGON	https://ai-vocal-training.s3.ap-northeast-2.amazonaws.com/album_covers/G-DRAGON-보나마나_(BONAMANA)_G-DRAGON.jpg
Grande	Last_Christmas_Ariana_Grande	https://ai-vocal-training.s3.ap-northeast-2.amazonaws.com/album_covers/Grande-Last_Christmas_Ariana_Grande.jpg
Grande	Santa_Tell_Me_Ariana_Grande	https://ai-vocal-training.s3.ap-northeast-2.amazonaws.com/album_covers/Grande-Santa_Tell_Me_Ariana_Grande.jpg
LIFE	Igloo_KISS_OF_LIFE	https://ai-vocal-training.s3.ap-northeast-2.amazonaws.com/album_covers/LIFE-Igloo_KISS_OF_LIFE.jpg
LIFE	Midas_Touch_KISS_OF_LIFE	https://ai-vocal-training.s3.ap-northeast-2.amazonaws.com/album_covers/LIFE-Midas_Touch_KISS_OF_LIFE.jpg
LIFE	Sticky_KISS_OF_LIFE	https://ai-vocal-training.s3.ap-northeast-2.amazonaws.com/album_covers/LIFE-Sticky_KISS_OF_LIFE.jpg
Lamar	Not_Like_Us_Kendrick_Lamar	https://ai-vocal-training.s3.ap-northeast-2.amazonaws.com/album_covers/Lamar-Not_Like_Us_Kendrick_Lamar.jpg
Lauv	"Steal_The_Show_(From_""Elemental"")_Lauv"	https://ai-vocal-training.s3.ap-northeast-2.amazonaws.com/album_covers/Lauv-Steal_The_Show_(From_Elemental)_Lauv.jpg
Legends	"GODS_NewJeans,_League_of_Legends"	"https://ai-vocal-training.s3.ap-northeast-2.amazonaws.com/album_covers/Legends-GODS_NewJeans,_League_of_Legends.jpg"
Mars	"APT._로제_(ROS?),_Bruno_Mars"	"https://ai-vocal-training.s3.ap-northeast-2.amazonaws.com/album_covers/Mars-APT._로제_(ROS?),_Bruno_Mars.jpg"
Mars	"Die_With_A_Smile_Lady_Gaga,_Bruno_Mars"	"https://ai-vocal-training.s3.ap-northeast-2.amazonaws.com/album_covers/Mars-Die_With_A_Smile_Lady_Gaga,_Bruno_Mars.jpg"
Miguel	"Sweet_Dreams_(feat._Miguel)_j-hope,_Miguel"	"https://ai-vocal-training.s3.ap-northeast-2.amazonaws.com/album_covers/Miguel-Sweet_Dreams_(feat._Miguel)_j-hope,_Miguel.jpg"
NMIXX	별별별_(See_that?)_NMIXX	https://ai-vocal-training.s3.ap-northeast-2.amazonaws.com/album_covers/NMIXX-별별별_(See_that)_NMIXX.jpg
NewJeans	Attention_NewJeans	https://ai-vocal-training.s3.ap-northeast-2.amazonaws.com/album_covers/NewJeans-Attention_NewJeans.jpg
NewJeans	Bubble_Gum_NewJeans	https://ai-vocal-training.s3.ap-northeast-2.amazonaws.com/album_covers/NewJeans-Bubble_Gum_NewJeans.jpg
NewJeans	Ditto_NewJeans	https://ai-vocal-training.s3.ap-northeast-2.amazonaws.com/album_covers/NewJeans-Ditto_NewJeans.jpg
NewJeans	ETA_NewJeans	https://ai-vocal-training.s3.ap-northeast-2.amazonaws.com/album_covers/NewJeans-ETA_NewJeans.jpg
NewJeans	How_Sweet_NewJeans	https://ai-vocal-training.s3.ap-northeast-2.amazonaws.com/album_covers/NewJeans-How_Sweet_NewJeans.jpg
NewJeans	Hype_Boy_NewJeans	https://ai-vocal-training.s3.ap-northeast-2.amazonaws.com/album_covers/NewJeans-Hype_Boy_NewJeans.jpg
NewJeans	OMG_NewJeans	https://ai-vocal-training.s3.ap-northeast-2.amazonaws.com/album_covers/NewJeans-OMG_NewJeans.jpg
NewJeans	Right_Now_NewJeans	https://ai-vocal-training.s3.ap-northeast-2.amazonaws.com/album_covers/NewJeans-Right_Now_NewJeans.jpg
NewJeans	Super_Shy_NewJeans	https://ai-vocal-training.s3.ap-northeast-2.amazonaws.com/album_covers/NewJeans-Super_Shy_NewJeans.jpg
NewJeans	Supernatural_NewJeans	https://ai-vocal-training.s3.ap-northeast-2.amazonaws.com/album_covers/NewJeans-Supernatural_NewJeans.jpg
PLAVE	12:32_(A_to_T)_PLAVE	https://ai-vocal-training.s3.ap-northeast-2.amazonaws.com/album_covers/PLAVE-1232_(A_to_T)_PLAVE.jpg
PLAVE	Chroma_Drift_PLAVE	https://ai-vocal-training.s3.ap-northeast-2.amazonaws.com/album_covers/PLAVE-Chroma_Drift_PLAVE.jpg
PLAVE	Dash_PLAVE	https://ai-vocal-training.s3.ap-northeast-2.amazonaws.com/album_covers/PLAVE-Dash_PLAVE.jpg
PLAVE	From_PLAVE	https://ai-vocal-training.s3.ap-northeast-2.amazonaws.com/album_covers/PLAVE-From_PLAVE.jpg
PLAVE	Island_PLAVE	https://ai-vocal-training.s3.ap-northeast-2.amazonaws.com/album_covers/PLAVE-Island_PLAVE.jpg
PLAVE	Pump_Up_The_Volume!_PLAVE	https://ai-vocal-training.s3.ap-northeast-2.amazonaws.com/album_covers/PLAVE-Pump_Up_The_Volume!_PLAVE.jpg
PLAVE	RIZZ_PLAVE	https://ai-vocal-training.s3.ap-northeast-2.amazonaws.com/album_covers/PLAVE-RIZZ_PLAVE.jpg
PLAVE	WAY_4_LUV_PLAVE	https://ai-vocal-training.s3.ap-northeast-2.amazonaws.com/album_covers/PLAVE-WAY_4_LUV_PLAVE.jpg
PLAVE	Watch_Me_Woo!_PLAVE	https://ai-vocal-training.s3.ap-northeast-2.amazonaws.com/album_covers/PLAVE-Watch_Me_Woo!_PLAVE.jpg
PLAVE	달랐을까_PLAVE	https://ai-vocal-training.s3.ap-northeast-2.amazonaws.com/album_covers/PLAVE-달랐을까_PLAVE.jpg
PLAVE	버추얼_아이돌_PLAVE	https://ai-vocal-training.s3.ap-northeast-2.amazonaws.com/album_covers/PLAVE-버추얼_아이돌_PLAVE.jpg
PLAVE	여섯_번째_여름_PLAVE	https://ai-vocal-training.s3.ap-northeast-2.amazonaws.com/album_covers/PLAVE-여섯_번째_여름_PLAVE.jpg
PLAVE	우리_영화_PLAVE	https://ai-vocal-training.s3.ap-northeast-2.amazonaws.com/album_covers/PLAVE-우리_영화_PLAVE.jpg
PROJECT	FAMOUS_ALLDAY_PROJECT	https://ai-vocal-training.s3.ap-northeast-2.amazonaws.com/album_covers/PROJECT-FAMOUS_ALLDAY_PROJECT.jpg
Puth	Dangerously_Charlie_Puth	https://ai-vocal-training.s3.ap-northeast-2.amazonaws.com/album_covers/Puth-Dangerously_Charlie_Puth.jpg
Puth	I_Don't_Think_That_I_Like_Her_Charlie_Puth	https://ai-vocal-training.s3.ap-northeast-2.amazonaws.com/album_covers/Puth-I_Don't_Think_That_I_Like_Her_Charlie_Puth.jpg
QWER	Discord_QWER	https://ai-vocal-training.s3.ap-northeast-2.amazonaws.com/album_covers/QWER-Discord_QWER.jpg
QWER	고민중독_QWER	https://ai-vocal-training.s3.ap-northeast-2.amazonaws.com/album_covers/QWER-고민중독_QWER.jpg
QWER	내_이름_맑음_QWER	https://ai-vocal-training.s3.ap-northeast-2.amazonaws.com/album_covers/QWER-내_이름_맑음_QWER.jpg
QWER	눈물참기_QWER	https://ai-vocal-training.s3.ap-northeast-2.amazonaws.com/album_covers/QWER-눈물참기_QWER.jpg
RIIZE	Bag_Bad_Back_RIIZE	https://ai-vocal-training.s3.ap-northeast-2.amazonaws.com/album_covers/RIIZE-Bag_Bad_Back_RIIZE.jpg
RIIZE	Boom_Boom_Bass_RIIZE	https://ai-vocal-training.s3.ap-northeast-2.amazonaws.com/album_covers/RIIZE-Boom_Boom_Bass_RIIZE.jpg
RIIZE	Fly_Up_RIIZE	https://ai-vocal-training.s3.ap-northeast-2.amazonaws.com/album_covers/RIIZE-Fly_Up_RIIZE.jpg
RIIZE	Get_A_Guitar_RIIZE	https://ai-vocal-training.s3.ap-northeast-2.amazonaws.com/album_covers/RIIZE-Get_A_Guitar_RIIZE.jpg
RIIZE	Hug_(포옹)_RIIZE	https://ai-vocal-training.s3.ap-northeast-2.amazonaws.com/album_covers/RIIZE-Hug_(포옹)_RIIZE.jpg
RIIZE	Impossible_RIIZE	https://ai-vocal-training.s3.ap-northeast-2.amazonaws.com/album_covers/RIIZE-Impossible_RIIZE.jpg
RIIZE	Love_119_RIIZE	https://ai-vocal-training.s3.ap-northeast-2.amazonaws.com/album_covers/RIIZE-Love_119_RIIZE.jpg
RIIZE	Siren_RIIZE	https://ai-vocal-training.s3.ap-northeast-2.amazonaws.com/album_covers/RIIZE-Siren_RIIZE.jpg
RIIZE	Talk_Saxy_RIIZE	https://ai-vocal-training.s3.ap-northeast-2.amazonaws.com/album_covers/RIIZE-Talk_Saxy_RIIZE.jpg
SEO)	춘몽_현서_(HYUN_SEO)	https://ai-vocal-training.s3.ap-northeast-2.amazonaws.com/album_covers/SEO)-춘몽_현서_(HYUN_SEO).jpg
STAYC(스테이씨)	Bubble_STAYC(스테이씨)	https://ai-vocal-training.s3.ap-northeast-2.amazonaws.com/album_covers/STAYC(스테이씨)-Bubble_STAYC(스테이씨).jpg
SZA	"luther_Kendrick_Lamar,_SZA"	"https://ai-vocal-training.s3.ap-northeast-2.amazonaws.com/album_covers/SZA-luther_Kendrick_Lamar,_SZA.jpg"
Sia	Snowman_Sia	https://ai-vocal-training.s3.ap-northeast-2.amazonaws.com/album_covers/Sia-Snowman_Sia.jpg
Sondia	어른_Sondia	https://ai-vocal-training.s3.ap-northeast-2.amazonaws.com/album_covers/Sondia-어른_Sondia.jpg
Swift	Cruel_Summer_Taylor_Swift	https://ai-vocal-training.s3.ap-northeast-2.amazonaws.com/album_covers/Swift-Cruel_Summer_Taylor_Swift.jpg
WOODZ	Drowning_WOODZ	https://ai-vocal-training.s3.ap-northeast-2.amazonaws.com/album_covers/WOODZ-Drowning_WOODZ.jpg
aespa	Armageddon_aespa	https://ai-vocal-training.s3.ap-northeast-2.amazonaws.com/album_covers/aespa-Armageddon_aespa.jpg
aespa	Drama_aespa	https://ai-vocal-training.s3.ap-northeast-2.amazonaws.com/album_covers/aespa-Drama_aespa.jpg
aespa	Live_My_Life_aespa	https://ai-vocal-training.s3.ap-northeast-2.amazonaws.com/album_covers/aespa-Live_My_Life_aespa.jpg
aespa	Spicy_aespa	https://ai-vocal-training.s3.ap-northeast-2.amazonaws.com/album_covers/aespa-Spicy_aespa.jpg
aespa	Supernova_aespa	https://ai-vocal-training.s3.ap-northeast-2.amazonaws.com/album_covers/aespa-Supernova_aespa.jpg
aespa	UP_(KARINA_Solo)_aespa	https://ai-vocal-training.s3.ap-northeast-2.amazonaws.com/album_covers/aespa-UP_(KARINA_Solo)_aespa.jpg
aespa	Whiplash_aespa	https://ai-vocal-training.s3.ap-northeast-2.amazonaws.com/album_covers/aespa-Whiplash_aespa.jpg
aespa	"굿데이_2025_(텔레파시_+_달빛_창가에서)_G-DRAGON,_황정민,_데프콘,_홍진경,_정형돈,_조세호,_기안84,_안성재,_태양,_정해인,_황광희,_임시완,_이수혁,_대성,_코드_쿤스트_(CODE_KUNST),_CL,_김고은,_DAY6_(데이식스),_부석순_(SEVENTEEN),_aespa"	"https://ai-vocal-training.s3.ap-northeast-2.amazonaws.com/album_covers/aespa-굿데이_2025_(텔레파시_+_달빛_창가에서)_G-DRAGON,_황정민,_데프콘,_홍진경,_정형돈,_조세호,_기안84,_안성재,_태양,_정해인,_황광희,_임시완,_이수혁,_대성,_코드_쿤스트_(CODE_KUNST),_CL,_김고은,_DAY6_(데이식스),_부석순_(SEVENTEEN),_aespa.jpg"
김민석	취중고백_김민석	https://ai-vocal-training.s3.ap-northeast-2.amazonaws.com/album_covers/김민석-취중고백_김민석.jpg
나얼	"잠시라도_우리_성시경,_나얼"	"https://ai-vocal-training.s3.ap-northeast-2.amazonaws.com/album_covers/나얼-잠시라도_우리_성시경,_나얼.jpg"
도경수(D.O.)	영원해_도경수(D.O.)	https://ai-vocal-training.s3.ap-northeast-2.amazonaws.com/album_covers/도경수(D.O.)-영원해_도경수(D.O.).jpg
로이킴	"그대가_있는_곳,_언제_어디든_로이킴"	"https://ai-vocal-training.s3.ap-northeast-2.amazonaws.com/album_covers/로이킴-그대가_있는_곳,_언제_어디든_로이킴.jpg"
로이킴	내게_사랑이_뭐냐고_물어본다면_로이킴	https://ai-vocal-training.s3.ap-northeast-2.amazonaws.com/album_covers/로이킴-내게_사랑이_뭐냐고_물어본다면_로이킴.jpg
로이킴	봄이_와도_로이킴	https://ai-vocal-training.s3.ap-northeast-2.amazonaws.com/album_covers/로이킴-봄이_와도_로이킴.jpg
로이킴	"잘_지내자,_우리_(여름날_우리_X_로이킴)_로이킴"	"https://ai-vocal-training.s3.ap-northeast-2.amazonaws.com/album_covers/로이킴-잘_지내자,_우리_(여름날_우리_X_로이킴)_로이킴.jpg"
마틴스미스	봄_그리고_너_마틴스미스	https://ai-vocal-training.s3.ap-northeast-2.amazonaws.com/album_covers/마틴스미스-봄_그리고_너_마틴스미스.jpg
멜로망스	사랑인가_봐_멜로망스	https://ai-vocal-training.s3.ap-northeast-2.amazonaws.com/album_covers/멜로망스-사랑인가_봐_멜로망스.jpg
박재정	헤어지자_말해요_박재정	https://ai-vocal-training.s3.ap-northeast-2.amazonaws.com/album_covers/박재정-헤어지자_말해요_박재정.jpg
박효신	HERO_(From_the_Film_“소방관”)_박효신	
방탄소년단	Butter_방탄소년단	https://ai-vocal-training.s3.ap-northeast-2.amazonaws.com/album_covers/방탄소년단-Butter_방탄소년단.jpg
방탄소년단	Dynamite_방탄소년단	https://ai-vocal-training.s3.ap-northeast-2.amazonaws.com/album_covers/방탄소년단-Dynamite_방탄소년단.jpg
방탄소년단	봄날_방탄소년단	https://ai-vocal-training.s3.ap-northeast-2.amazonaws.com/album_covers/방탄소년단-봄날_방탄소년단.jpg
버스커	벚꽃_엔딩_버스커_버스커	https://ai-vocal-training.s3.ap-northeast-2.amazonaws.com/album_covers/버스커-벚꽃_엔딩_버스커_버스커.jpg
범진	인사_범진	https://ai-vocal-training.s3.ap-northeast-2.amazonaws.com/album_covers/범진-인사_범진.jpg
볼빨간사춘기	사랑할_수밖에_볼빨간사춘기	https://ai-vocal-training.s3.ap-northeast-2.amazonaws.com/album_covers/볼빨간사춘기-사랑할_수밖에_볼빨간사춘기.jpg
브라운아이드걸스	"Must_Have_Love_SG_워너비,_브라운아이드걸스"	"https://ai-vocal-training.s3.ap-northeast-2.amazonaws.com/album_covers/브라운아이드걸스-Must_Have_Love_SG_워너비,_브라운아이드걸스.jpg"
성시경	희재_성시경	https://ai-vocal-training.s3.ap-northeast-2.amazonaws.com/album_covers/성시경-희재_성시경.jpg
송필근	숙녀에게_송필근	https://ai-vocal-training.s3.ap-northeast-2.amazonaws.com/album_covers/송필근-숙녀에게_송필근.jpg
순순희(기태)	그대가_내_안에_박혔다(그내박)_순순희(기태)	https://ai-vocal-training.s3.ap-northeast-2.amazonaws.com/album_covers/순순희(기태)-그대가_내_안에_박혔다(그내박)_순순희(기태).jpg
순순희(지환)	슬픈_초대장_순순희(지환)	https://ai-vocal-training.s3.ap-northeast-2.amazonaws.com/album_covers/순순희(지환)-슬픈_초대장_순순희(지환).jpg
순순희	살기_위해서_순순희	https://ai-vocal-training.s3.ap-northeast-2.amazonaws.com/album_covers/순순희-살기_위해서_순순희.jpg
아이유	Love_wins_all_아이유	https://ai-vocal-training.s3.ap-northeast-2.amazonaws.com/album_covers/아이유-Love_wins_all_아이유.jpg
아이유	Never_Ending_Story_아이유	https://ai-vocal-training.s3.ap-northeast-2.amazonaws.com/album_covers/아이유-Never_Ending_Story_아이유.jpg
아이유	"Shh.._(Feat._혜인(HYEIN),_조원선_&_Special_Narr._패티김)_아이유"	"https://ai-vocal-training.s3.ap-northeast-2.amazonaws.com/album_covers/아이유-Shh.._(Feat._혜인(HYEIN),_조원선_&_Special_Narr._패티김)_아이유.jpg"
아이유	Shopper_아이유	https://ai-vocal-training.s3.ap-northeast-2.amazonaws.com/album_covers/아이유-Shopper_아이유.jpg
아이유	관객이_될게_(I_stan_U)_아이유	https://ai-vocal-training.s3.ap-northeast-2.amazonaws.com/album_covers/아이유-관객이_될게_(I_stan_U)_아이유.jpg
아이유	네모의_꿈_아이유	https://ai-vocal-training.s3.ap-northeast-2.amazonaws.com/album_covers/아이유-네모의_꿈_아이유.jpg
아이유	미리_메리_크리스마스_(Feat._천둥_Of_MBLAQ)_아이유	https://ai-vocal-training.s3.ap-northeast-2.amazonaws.com/album_covers/아이유-미리_메리_크리스마스_(Feat._천둥_Of_MBLAQ)_아이유.jpg
아이유	"봄_사랑_벚꽃_말고_HIGH4_(하이포),_아이유"	"https://ai-vocal-training.s3.ap-northeast-2.amazonaws.com/album_covers/아이유-봄_사랑_벚꽃_말고_HIGH4_(하이포),_아이유.jpg"
아일릿(ILLIT)	Cherish_(My_Love)_아일릿(ILLIT)	https://ai-vocal-training.s3.ap-northeast-2.amazonaws.com/album_covers/아일릿(ILLIT)-Cherish_(My_Love)_아일릿(ILLIT).jpg
아일릿(ILLIT)	Lucky_Girl_Syndrome_아일릿(ILLIT)	https://ai-vocal-training.s3.ap-northeast-2.amazonaws.com/album_covers/아일릿(ILLIT)-Lucky_Girl_Syndrome_아일릿(ILLIT).jpg
아일릿(ILLIT)	Magnetic_아일릿(ILLIT)	https://ai-vocal-training.s3.ap-northeast-2.amazonaws.com/album_covers/아일릿(ILLIT)-Magnetic_아일릿(ILLIT).jpg
안세하	I_Love_You_안세하	https://ai-vocal-training.s3.ap-northeast-2.amazonaws.com/album_covers/안세하-I_Love_You_안세하.jpg
오반(OVAN)	Flower_오반(OVAN)	https://ai-vocal-training.s3.ap-northeast-2.amazonaws.com/album_covers/오반(OVAN)-Flower_오반(OVAN).jpg
오반(OVAN)	위태로울걸_오반(OVAN)	https://ai-vocal-training.s3.ap-northeast-2.amazonaws.com/album_covers/오반(OVAN)-위태로울걸_오반(OVAN).jpg
이무진	눈이_오잖아(Feat.헤이즈)_이무진	https://ai-vocal-training.s3.ap-northeast-2.amazonaws.com/album_covers/이무진-눈이_오잖아(Feat.헤이즈)_이무진.jpg
이무진	에피소드_이무진	https://ai-vocal-training.s3.ap-northeast-2.amazonaws.com/album_covers/이무진-에피소드_이무진.jpg
이무진	청춘만화_이무진	https://ai-vocal-training.s3.ap-northeast-2.amazonaws.com/album_covers/이무진-청춘만화_이무진.jpg
이무진	청혼하지_않을_이유를_못_찾았어_이무진	https://ai-vocal-training.s3.ap-northeast-2.amazonaws.com/album_covers/이무진-청혼하지_않을_이유를_못_찾았어_이무진.jpg
이영지	Small_girl_(feat._도경수(D.O.))_이영지	https://ai-vocal-training.s3.ap-northeast-2.amazonaws.com/album_covers/이영지-Small_girl_(feat._도경수(D.O.))_이영지.jpg
이영지	"Smoke_(Prod._Dynamicduo,_Padi)_다이나믹_듀오,_이영지"	"https://ai-vocal-training.s3.ap-northeast-2.amazonaws.com/album_covers/이영지-Smoke_(Prod._Dynamicduo,_Padi)_다이나믹_듀오,_이영지.jpg"
이창섭	천상연_이창섭	https://ai-vocal-training.s3.ap-northeast-2.amazonaws.com/album_covers/이창섭-천상연_이창섭.jpg
임영웅	A_bientot_임영웅	https://ai-vocal-training.s3.ap-northeast-2.amazonaws.com/album_covers/임영웅-A_bientot_임영웅.jpg
임영웅	Do_or_Die_임영웅	https://ai-vocal-training.s3.ap-northeast-2.amazonaws.com/album_covers/임영웅-Do_or_Die_임영웅.jpg
임영웅	Home_임영웅	https://ai-vocal-training.s3.ap-northeast-2.amazonaws.com/album_covers/임영웅-Home_임영웅.jpg
임영웅	London_Boy_임영웅	https://ai-vocal-training.s3.ap-northeast-2.amazonaws.com/album_covers/임영웅-London_Boy_임영웅.jpg
임영웅	Polaroid_임영웅	https://ai-vocal-training.s3.ap-northeast-2.amazonaws.com/album_covers/임영웅-Polaroid_임영웅.jpg
임영웅	다시_만날_수_있을까_임영웅	https://ai-vocal-training.s3.ap-northeast-2.amazonaws.com/album_covers/임영웅-다시_만날_수_있을까_임영웅.jpg
임영웅	사랑은_늘_도망가_임영웅	https://ai-vocal-training.s3.ap-northeast-2.amazonaws.com/album_covers/임영웅-사랑은_늘_도망가_임영웅.jpg
임영웅	아버지_임영웅	https://ai-vocal-training.s3.ap-northeast-2.amazonaws.com/album_covers/임영웅-아버지_임영웅.jpg
임영웅	우리들의_블루스_임영웅	https://ai-vocal-training.s3.ap-northeast-2.amazonaws.com/album_covers/임영웅-우리들의_블루스_임영웅.jpg
임영웅	이제_나만_믿어요_임영웅	https://ai-vocal-training.s3.ap-northeast-2.amazonaws.com/album_covers/임영웅-이제_나만_믿어요_임영웅.jpg
임영웅	인생찬가_임영웅	https://ai-vocal-training.s3.ap-northeast-2.amazonaws.com/album_covers/임영웅-인생찬가_임영웅.jpg
임영웅	천국보다_아름다운_임영웅	https://ai-vocal-training.s3.ap-northeast-2.amazonaws.com/album_covers/임영웅-천국보다_아름다운_임영웅.jpg
임재현	비의_랩소디_임재현	https://ai-vocal-training.s3.ap-northeast-2.amazonaws.com/album_covers/임재현-비의_랩소디_임재현.jpg
임한별	사랑하지_않아서_그랬어_임한별	https://ai-vocal-training.s3.ap-northeast-2.amazonaws.com/album_covers/임한별-사랑하지_않아서_그랬어_임한별.jpg
잔나비	주저하는_연인들을_위해_잔나비	https://ai-vocal-training.s3.ap-northeast-2.amazonaws.com/album_covers/잔나비-주저하는_연인들을_위해_잔나비.jpg
전건호	"MY_LOVE(2025)_이예은,_아샤트리,_전건호"	"https://ai-vocal-training.s3.ap-northeast-2.amazonaws.com/album_covers/전건호-MY_LOVE(2025)_이예은,_아샤트리,_전건호.jpg"
전건호	"다정히_내_이름을_부르면_경서예지,_전건호"	"https://ai-vocal-training.s3.ap-northeast-2.amazonaws.com/album_covers/전건호-다정히_내_이름을_부르면_경서예지,_전건호.jpg"
전소미	Fast_Forward_전소미	https://ai-vocal-training.s3.ap-northeast-2.amazonaws.com/album_covers/전소미-Fast_Forward_전소미.jpg
정국	Seven_(feat._Latto)_-_Clean_Ver._정국	https://ai-vocal-training.s3.ap-northeast-2.amazonaws.com/album_covers/정국-Seven_(feat._Latto)_-_Clean_Ver._정국.jpg
정국	Standing_Next_to_You_정국	https://ai-vocal-training.s3.ap-northeast-2.amazonaws.com/album_covers/정국-Standing_Next_to_You_정국.jpg
정국	Yes_or_No_정국	https://ai-vocal-training.s3.ap-northeast-2.amazonaws.com/album_covers/정국-Yes_or_No_정국.jpg
정승환	눈사람_정승환	https://ai-vocal-training.s3.ap-northeast-2.amazonaws.com/album_covers/정승환-눈사람_정승환.jpg
조째즈	모르시나요(PROD.로코베리)_조째즈	https://ai-vocal-training.s3.ap-northeast-2.amazonaws.com/album_covers/조째즈-모르시나요(PROD.로코베리)_조째즈.jpg
지아	사랑..그게_뭔데_지아	https://ai-vocal-training.s3.ap-northeast-2.amazonaws.com/album_covers/지아-사랑..그게_뭔데_지아.jpg
청개구리	기억해줘요_내_모든_날과_그때를_화곡동_청개구리	https://ai-vocal-training.s3.ap-northeast-2.amazonaws.com/album_covers/청개구리-기억해줘요_내_모든_날과_그때를_화곡동_청개구리.jpg
최유리	"밤,_바다_최유리"	"https://ai-vocal-training.s3.ap-northeast-2.amazonaws.com/album_covers/최유리-밤,_바다_최유리.jpg"
최유리	숲_최유리	https://ai-vocal-training.s3.ap-northeast-2.amazonaws.com/album_covers/최유리-숲_최유리.jpg
카더가든	가까운_듯_먼_그대여_카더가든	https://ai-vocal-training.s3.ap-northeast-2.amazonaws.com/album_covers/카더가든-가까운_듯_먼_그대여_카더가든.jpg
탑현	나에게_그대만이_탑현	https://ai-vocal-training.s3.ap-northeast-2.amazonaws.com/album_covers/탑현-나에게_그대만이_탑현.jpg
투모로우바이투게더	Deja_Vu_투모로우바이투게더	https://ai-vocal-training.s3.ap-northeast-2.amazonaws.com/album_covers/투모로우바이투게더-Deja_Vu_투모로우바이투게더.jpg
폴킴	화이트_(White)_폴킴	https://ai-vocal-training.s3.ap-northeast-2.amazonaws.com/album_covers/폴킴-화이트_(White)_폴킴.jpg
프로미스나인	Supersonic_프로미스나인	https://ai-vocal-training.s3.ap-northeast-2.amazonaws.com/album_covers/프로미스나인-Supersonic_프로미스나인.jpg
하동균	내가_그댈_하동균	https://ai-vocal-training.s3.ap-northeast-2.amazonaws.com/album_covers/하동균-내가_그댈_하동균.jpg
허각	물론_허각	https://ai-vocal-training.s3.ap-northeast-2.amazonaws.com/album_covers/허각-물론_허각.jpg
황가람	나는_반딧불_황가람	https://ai-vocal-training.s3.ap-northeast-2.amazonaws.com/album_covers/황가람-나는_반딧불_황가람.jpg
황가람	미치게_그리워서_황가람	https://ai-vocal-training.s3.ap-northeast-2.amazonaws.com/album_covers/황가람-미치게_그리워서_황가람.jpg
황인욱	플러팅_황인욱	https://ai-vocal-training.s3.ap-northeast-2.amazonaws.com/album_covers/황인욱-플러팅_황인욱.jpg
